Palabras:,"Resultado: "
TeilÂ,1
siete,1
Lindemann,1
espaÃol,1
del,3
Christoph,1
toda,1
hastÂ,1
escritas,1
ediciones,1
copias,1
discografÃa,1
mejor,1
casi,1
como,1
Universal,1
reconocimientos,1
1990,1
metal,2
inglÃs,1
tambiÃn,1
directo,1
baileÂ3â4âSus,1
mÃs,2
mezcla,1
ocasiÃn,1
"Ãlbum",2
dos,1
incluso,1
"ÂMein",1
categorÃa,1
Paul,1
los,3
por,1
sido,1
1994,1
millones,1
HÃrte,1
Richard,1
vendido,1
popular,1
banda,1
1999,1
Die,1
Kruspe,1
Lorenz,1
alguna,1
apelativo,1
Landers,1
encuentra,1
todo,1
mÃsicos,1
Music,1
exponente,1
"Ãlbumes",1
discogrÃfica,1
con,3
otros,2
Neue,1
llamada,1
corriente,1
cinco,1
encontrar,1
son,1
han,3
mercado,1
Krupps,1
entre,1
disponible,1
canciones,1
surgida,1
premios,1
mismos,1
Oomph,1
Deutsche,1
Schneider2â,1
alemana,1
cuatro,1
pueden,1
esta,1
Rammstein,1
Riedel,1
"Âmetal",1
que,2
nominados,1
formada,1
aÃos,1
asÃ,1
interpretaciÃn,1
total,1
2006,1
francÃs,1
estÃn,1
Ellos,1
estudio,1
Tanzmetall,1
mÃsica,1
Sehnsucht,1
denominado,1
basa,1
lanzado,1
Oliver,1
catÃlogo,1
mundo2âEntre,1
una,2
ruso,1
multinacional,1
aunque,1
"ÂDu",1
Reise2âHan,1
Till,1
industrial,1
DVD,1
tema,1
exclusivamente,1
paÃs,1
pertenecen,1
Christian,1
alemÃn,1
Reise,1
Grammy,1
